/elections/%E3%81%82%E3%81%AA%E3%81%9F%E3%81%AE%E3%81%8A%E6%89%8B%E4%BC%9D%E3%81%84%E3%82%92%E3%81%84%E3%81%9F%E3%81%97%E3%81%BE%E3%81%99%E3%80%82	/node/4367
/elections/%E5%8A%A0%E5%B7%9E%E6%96%B0%E7%9A%84%E3%80%8C%E5%89%8D%E5%85%A9%E5%90%8D%E5%80%99%E9%81%B8%E4%BA%BA%E3%80%8D%E6%88%96%E3%80%8C%E9%96%8B%E6%94%BE%E5%BC%8F%E3%80%8D%E5%88%9D%E9%81%B8%E5%88%B6%E5%BA%A6	/node/3861
/elections/%EB%8F%84%EC%99%80-%EB%93%9C%EB%A6%AC%EA%B2%A0%EC%8A%B5%EB%8B%88%EB%8B%A4	/node/4367
/elections/3-de-junio-de-2014-elecciones-estatales-primarias	/node/318
/elections/access-voters-disabilities-chinese	/node/3331
/elections/be-poll-worker	/node/3626
/elections/bilingual-online-training	/node/3836
/elections/candidates-campaigns-general-information	/node/2923
/elections/ch%C3%BAng-t%C3%B4i-c%C3%B3-th%E1%BB%83-gi%C3%BAp-qu%C3%BD-v%E1%BB%8B	/node/4367
/elections/changes-californias-election-system	/
/elections/department-elections-election-connection-2008	/node/3926
/elections/department-elections-election-connection-2009	/node/3926
/elections/election-connection-april-2009	/node/3926
/elections/election-connection-august-2008-text-only	/node/3926
/elections/election-connection-august-2009	/node/3926
/elections/election-connection-december-2008	/node/3926
/elections/election-connection-december-2009	/node/3926
/elections/election-connection-february-2009	/node/3926
/elections/election-connection-january-2010	/node/3926
/elections/election-connection-july-2008	/node/3926
/elections/election-connection-july-2009	/node/3926
/elections/election-connection-june-2008	/node/3926
/elections/election-connection-june-2009	/node/3926
/elections/election-connection-march-2009	/node/3926
/elections/election-connection-march-2010	/node/3926
/elections/election-connection-may-2008	/node/3926
/elections/election-connection-may-2009	/node/3926
/elections/election-connection-newsletter	/node/3926
/elections/election-connection-november-2008	/node/3926
/elections/election-connection-october-2008	/node/3926
/elections/election-connection-october-2009	/node/3926
/elections/election-connection-september-2008	/node/3926
/elections/election-connection-september-2009	/node/3926
/elections/election-results-2007	/node/318
/elections/federal-write-absentee-ballot-chinese	/node/3766
/elections/ftp/uploadedfiles/elections/candidates/Nov2012/NOV2012_ElectionObserverPanelApp.pdf	/node/3381
/elections/ftp/uploadedfiles/elections/candidates/Nov2012/NOV2012_ElectionObserverPanelOutline.pdf	/node/3381
/elections/information-about-saturday-voting	/
/elections/military-voters-stationed-inside-united-states-outside-san-francisco-chinese	/node/3766
/elections/multilingual-voter-services	/node/4367
/elections/not-registered-vote-think-you-should-be	/node/3101
/elections/notice-regarding-tabulation-votes-election-community-facilities-district-no-2014-1-transbay-transit	/node/318
/elections/nuevo-sistema-%E2%80%9Cabierto%E2%80%9D-o-de-%E2%80%9Clos-dos-m%C3%A1s-votados%E2%80%9D-de-elecciones-primarias%E2%80%9D-en-california	/node/3866
/elections/overseas-voters-military-or-civilian-chinese	/node/3766
/elections/poll-worker-newsletter	/node/3836
/elections/primary-elections-and-party-affiliation	/
/elections/prop-symbols	/node/2936
/elections/ranked-choice-voting-chinese	/node/3556
/elections/saturday-voting-update-july-12-2011%C2%A0insufficient-funds-private-contributions-halts-departments	/
/elections/suddenlate-deployed-military-voters-chinese	/node/3766
/elections/vote-mail	/node/3716
/elections/voter-education-materials-archive	/node/3336
/elections/voting-accessible-touchscreen-voting-machines-chinese	/node/3331
/elections/voting-optical-scan-voting-machines-chinese	/node/3331
/elections/voting-san-Francisco	/node/3486
