/about-mayor	https://sf.gov/departments/office-mayor/about
/mayors-office-public-policy-and-finance-0	https://sf.gov/information/mayors-office-public-policy
/about-mayors-office-public-policy-and-finance	https://sf.gov/information/mayors-office-finance
/contact-mayor-london-breed	https://sf.gov/departments/office-mayor
/budget-cycle	https://sf.gov/topics/budget
/descriptions-budget-documents-and-terms	https://sf.gov/topics/budget
/budget-documents	https://sf.gov/topics/budget
/file/8820	https://sf.gov/topics/budget
/sites/default/files/FY22%20and%20FY23%20Budget%20Book%20Final%20for%20Web.pdf	https://sf.gov/topics/budget
/sites/default/files/Budget%20Instructions%20Dept%20Heads%20FINAL%20-%20WEB.pdf	https://sf.gov/topics/budget
/sites/default/files/CSF_Proposed_Budget_Book_July_2020_LR_Web_REV2.pdf	https://sf.gov/topics/budget
/sites/default/files/03.31.20%20Letter%20to%20City%20Departments_Budget.pdf	https://sf.gov/topics/budget
/sites/default/files/Budget%20Instructions%20PowerPoint%202019%20WEB%20FINAL.pdf	https://sf.gov/topics/budget
/sites/default/files/CSF_Budget_Book_June_2019_Final_Web_REV2.pdf	https://sf.gov/topics/budget
/sites/default/files/FINAL%20Budget%20Instructions%20for%20Fiscal%20Years%202019-20%20and%202020-21_0.pdf	https://sf.gov/topics/budget
/sites/default/files/CSF_Budget_Book_2017_Final_CMYK_LowRes.pdf	https://sf.gov/topics/budget
/sites/default/files/Five%20Year%20Financial%20Plan%20FY17-18%20through%20FY21-22%20%28Updated%29%20FINAL_0.pdf	https://sf.gov/topics/budget
/sites/default/files/Five%20Year%20Financial%20Plan%20FY17-18%20through%20FY21-22%20%28Proposed%29%20FINAL_1.pdf	https://sf.gov/topics/budget
/sites/default/files/Budget%20Instructions%20for%20Fiscal%20Years%202017-18%20and%202018-19_0.pdf	https://sf.gov/topics/budget
/archived-budget-documents	https://sf.gov/topics/budget
/sites/default/files/FileCenter/Documents/448-5%20year%20Plan%20FINAL%20SEND%20TO%20REPRO%20-%20Copy.pdf	https://sf.gov/topics/budget
/ftp/uploadedfiles/mayor/budget/SF_Budget_Book_FY_2015_16_and_2016_17_Final_WEB.pdf	https://sf.gov/topics/budget
/sites/default/files/Mayors_Budget_Book_2013_14_and_2014_15_web.pdf	https://sf.gov/topics/budget
/city-organization-overview	https://sf.gov/departments/office-mayor
/other-resources	https://sf.gov/departments/office-mayor
/contact-budget-office	https://sf.gov/departments/office-mayor
/commendations	https://sf.gov/ask-commendation-mayor
/mons	https://sf.gov/departments/office-mayor
/neighborhood-servicesresources	https://sf.gov/departments/office-mayor
/merchant-resident-resource-guide	https://sf311.org/
/mayoral-appointments	https://sf.gov/submit-your-name-mayoral-appointment
/mayoral-declarations	https://sf.gov/departments/office-mayor
/mayoral-declarations-covid-19	https://sf.gov/departments/office-mayor
/disclosures	https://sf.gov/departments/office-mayor
/disclosures	https://sf.gov/departments/office-mayor
/statement-incompatible-activities	https://sf.gov/departments/office-mayor
/news-and-updates	https://sf.gov/departments/office-mayor
/news	https://sf.gov/departments/office-mayor
/2021-news-releases	https://sf.gov/departments/office-mayor
/2020-news-releases	https://sf.gov/departments/office-mayor
/2019-news-releases	https://sf.gov/departments/office-mayor
/2018-news-releases	https://sf.gov/departments/office-mayor
/headlines	https://sf.gov/departments/office-mayor
/get-connected	https://sf.gov/departments/office-mayor
/in-her-own-words	https://sf.gov/departments/office-mayor
/mayor-london-n-breeds-2021-state-city-address	https://sf.gov/departments/office-mayor
/mayor-london-breeds-2021-budget-proposal-speech	https://sf.gov/departments/office-mayor
/mayor-london-breeds-2021-budget-signing-speech	https://sf.gov/departments/office-mayor
/mayor-london-n-breeds-2020-inauguration-speech	https://sf.gov/departments/office-mayor
/mayor-london-breeds-2020-budget-speech	https://sf.gov/departments/office-mayor
/article/full-transcript-mayor-london-breeds-state-city-address	https://sf.gov/departments/office-mayor
/2018-speeches	https://sf.gov/departments/office-mayor
/mayor-london-breeds-inauguration-speech	https://sf.gov/departments/office-mayor
/mayor-in-action	https://sf.gov/departments/office-mayor
/events/calendar/month/	https://sf.gov/departments/office-mayor
