/about-naomi-kelly	/node/22
/chapter-12x-anti-lgbt-state-ban-list	/node/111
/cmt	/index.aspx
/content-group/city-administrator-office	/taxonomy/term/8
/events/calendar	https://sf.gov/departments/city-administrator
/index.aspx?page=362#FSWR	http://sfgov.org/oca/index.aspx?page=362
/index.aspx?page=838	/node/11
/index.aspx?page=839	/node/12
/index.aspx?page=840	/node/13
/index.aspx?page=842	/node/15
/index.aspx?page=843	/node/16
/index.aspx?page=844	/node/17
/index.aspx?page=845	/node/18
/index.aspx?page=846	/node/19
/index.aspx?page=847	/node/20
/index.aspx?page=852	/node/25
/index.aspx?page=855	/node/28
/lifelinescouncil	/index.aspx
/modules/showdocument.aspx?documentid=11256	/sites/default/files/Document/FFWO.pdf
/Modules/ShowDocument.aspx?documentid=101	/sites/default/files/FileCenter/Documents/101-Ord227-02Part1.pdf
/Modules/ShowDocument.aspx?documentid=103	/sites/default/files/FileCenter/Documents/103-Ord227-02Part2.pdf
/Modules/ShowDocument.aspx?documentid=105	/sites/default/files/FileCenter/Documents/105-Ord227-02Part3.pdf
/Modules/ShowDocument.aspx?documentid=107	/sites/default/files/FileCenter/Documents/107-Ord227FullCityPropertyReport2004.pdf
/Modules/ShowDocument.aspx?documentid=111	/sites/default/files/FileCenter/Documents/111-SurplusPropertyList2004.pdf
/Modules/ShowDocument.aspx?documentid=3078	/sites/default/files/FileCenter/Documents/3078-SIA_GSA.pdf
/Modules/ShowDocument.aspx?documentid=52	/sites/default/files/FileCenter/Documents/52-announcementII.pdf
/Modules/ShowDocument.aspx?documentid=55	/sites/default/files/FileCenter/Documents/55-NBF FY 04-05 App.pdf
/Modules/ShowDocument.aspx?documentid=58	/sites/default/files/FileCenter/Documents/58-a_092607.pdf
/Modules/ShowDocument.aspx?documentid=60	/sites/default/files/FileCenter/Documents/60-a_122007.pdf
/Modules/ShowDocument.aspx?documentid=62	/sites/default/files/FileCenter/Documents/62-CEDG Agenda Special Meeting 1-25-05.pdf
/Modules/ShowDocument.aspx?documentid=64	/sites/default/files/FileCenter/Documents/64-CEDG meeting Agenda 01-11-05.pdf
/Modules/ShowDocument.aspx?documentid=66	/sites/default/files/FileCenter/Documents/66-CEDG Mtg Nov 16th, 2004.doc
/Modules/ShowDocument.aspx?documentid=68	/sites/default/files/FileCenter/Documents/68-CEDG Mtg October 29, 2004.doc
/Modules/ShowDocument.aspx?documentid=70	/sites/default/files/FileCenter/Documents/70-CEDG Mtg Sept 27, 2004.doc
/Modules/ShowDocument.aspx?documentid=7195	/sites/default/files/FileCenter/Documents/7195-HaitiReliefDonationResult.pdf
/Modules/ShowDocument.aspx?documentid=72	/sites/default/files/FileCenter/Documents/72-CEDG Mtg, Oct 8, 2004.doc
/Modules/ShowDocument.aspx?documentid=74	/sites/default/files/FileCenter/Documents/74-CEDG Special Mtg Sept 14, 2004.doc
/Modules/ShowDocument.aspx?documentid=76	/sites/default/files/FileCenter/Documents/76-CEDGMtgSep7.pdf
/Modules/ShowDocument.aspx?documentid=78	/sites/default/files/FileCenter/Documents/78-DispOp_0530.pdf
/Modules/ShowDocument.aspx?documentid=80	/sites/default/files/FileCenter/Documents/80-Guidebook_2-10-05.pdf
/Modules/ShowDocument.aspx?documentid=82	/sites/default/files/FileCenter/Documents/82-NBF 2005 Grant Awards.pdf
/Modules/ShowDocument.aspx?documentid=84	/sites/default/files/FileCenter/Documents/84-NBFACMtgSept8.pdf
/Modules/ShowDocument.aspx?documentid=86	/sites/default/files/FileCenter/Documents/86-RFP_DayLaborAttachment1.doc
/Modules/ShowDocument.aspx?documentid=88	/sites/default/files/FileCenter/Documents/88-RFP_DayLaborAttachment2.doc
/Modules/ShowDocument.aspx?documentid=90	/sites/default/files/FileCenter/Documents/90-RFP_DayLaborAttachment3.doc
/Modules/ShowDocument.aspx?documentid=92	/sites/default/files/FileCenter/Documents/92-RFP_DayLaborAttachment4.doc
/Modules/ShowDocument.aspx?documentid=94	/sites/default/files/FileCenter/Documents/94-RFP_DayLaborAttachment5.doc
/Modules/ShowDocument.aspx?documentid=96	/sites/default/files/FileCenter/Documents/96-RFP_DayLaborNotice2008-11-18.doc
/Modules/ShowDocument.aspx?documentid=98	/sites/default/files/FileCenter/Documents/98-RFP_DayLaborOCABidsDatabase2008-11-18.doc
/Modules/ShowImage.aspx?imageid=46	/sites/default/files/FileCenter/Images/46-guidecover.jpg
/node/111	https://sf.gov/resource/2021/states-where-city-will-not-fund-travel-or-do-business
/node/126	https://sf.gov/resource/2021/millennium-tower
/node/158	https://sf.gov/departments/city-administrator
/node/159	https://sf.gov/racial-equity
/node/22	https://sf.gov/profile/carmen-chu
/node/23	https://sf.gov/departments/city-administrator
/node/29	https://sf.gov/departments/city-administrator
/node/3	https://sf.gov/departments/city-administrator
/node/30	https://sf.gov/information/public-notices
/node/32	https://sf.gov/sites/default/files/2021-11/7034-GuidebookDeptHeads2010-2011.pdf
/node/33	https://sf.gov/sites/default/files/2021-11/8251-Ordinance213-11.pdf
/node/35	/Modules/ShowDocument.aspx
/node/37	https://sf.gov/departments/city-administrator
/node/38	https://sf.gov/departments/city-administrator/about
/node/4	https://sf.gov/departments/city-administrator
/node/52	https://sf.gov/information/public-notices
/node/61	https://sf.gov/departments/city-administrator/risk-management
/node/81	https://www.onesanfrancisco.org/floodplain-management
/office-city-administrator-0	/node/158
/sites/default/files/Document/301MissionSeismicSafetyStudyCommittee2017-08-24PublicNotice.pdf	https://sf.gov/sites/default/files/2021-11/301MissionSeismicSafetyStudyCommittee2017-08-24PublicNotice.pdf
/sites/default/files/Document/ADM_FY21-23_Initial budget presentation for public_FINAL.pdf	https://sf.gov/sites/default/files/2021-11/ADM_FY21-23_Initial%20budget%20presentation%20for%20public_FINAL.pdf
/sites/default/files/Document/CityAdministratorRecordsRetentionPolicy.pdf	https://sf.gov/sites/default/files/2021-11/CityAdministratorRecordsRetentionPolicy.pdf
/sites/default/files/Document/Office of the City Administrator Racial Equity Action Plan_V1_12.30.2020.pdf	https://sf.gov/sites/default/files/2021-11/Office%20of%20the%20City%20Administrator%20Racial%20Equity%20Action%20Plan_V1_12.30.2020%20%281%29_0.pdf
/sites/default/files/Document/Regulations - Chapter 6 Safety Evaluation Procedures Reissue.pdf	https://sf.gov/resource/2022/chapter-6-regulations-reissue
/sites/default/files/Document/SIA.pdf	https://sf.gov/sites/default/files/2022-02/SIA%20GSA%202012-4-12R_Updated.pdf
/sites/default/files/FileCenter/Documents/6851-SIA-RequestAdvanceWrittenDeterminationForm.pdf	https://sf.gov/sites/default/files/2022-02/6851-SIA-RequestAdvanceWrittenDeterminationForm.pdf
/structural-safety-review-millennium-tower	/node/126
/users/admin	/user/1
/users/editor	/user/3
/users/svcdigsvcdrupal	/user/5
