/	https://sf.gov/departments/city-administrator/treasure-island-development-authority
/about-ti-ybi	https://sf.gov/departments/city-administrator/treasure-island-development-authority/about
/about-tida	https://sf.gov/departments/city-administrator/treasure-island-development-authority/about
/article/treasure-island-arts-plan-phase-1-finalist-proposals-unveiled	https://sf.gov/information/treasure-island-arts-master-plan
/bicycle	https://sf.gov/information/bicycle-and-pedestrian-access-treasure-island-and-yerba-buena-island
/citizen-advisory-board-cab	https://sf.gov/public-body/treasure-islandyerba-buena-island-citizen-advisory-board
/commercial-leasing	https://sf.gov/lease-treasure-island-commercial-property
/CommunityMuralProject	https://sf.gov/treasure-island-attractions
/construction/demolition-oversight	https://sf.gov/report-noise-or-dust-construction-activities
/construction/dust-hazardous-materials-control	https://sf.gov/information/development-construction-regulations-treasure-island
/construction/hotline	https://sf.gov/report-noise-or-dust-construction-activities
/construction/noise-reduction-program	https://sf.gov/report-noise-or-dust-construction-activities
/contact	https://sf.gov/departments/city-administrator/treasure-island-development-authority/about
/contacting-your-treasure-island-residential-property-manager	https://sf.gov/contact-your-treasure-island-residential-property-manager
/cove	https://sf.gov/apply-clipper-cove-short-term-anchorage-permit
/cove/citations	https://sf.gov/pay-your-clipper-cove-citation-fine
/cove/shortterm	https://sf.gov/apply-clipper-cove-short-term-anchorage-permit
/development	https://sf.gov/information/treasure-island-and-yerba-buena-islands-development-project
/development-project-phase-1-parks-and-open-space	https://sf.gov/information/parks-and-open-space-treasure-island
/development/approved-plans-and-documents	https://sf.gov/information/treasure-island-and-yerba-buena-island-development-project-approved-plans-and-documents
/development/arts	https://sf.gov/information/treasure-island-arts-master-plan
/development/contracting	https://sf.gov/get-contracting-opportunities-treasure-island-community-development-ticd
/development/contracting/ticd	https://sf.gov/get-contracting-opportunities-treasure-island-community-development-ticd
/development/contracting/tida	https://sf.gov/get-contracting-opportunities-treasure-island-development-authority-tida
/development/housing-and-urban-design	https://sf.gov/information/housing-and-urban-design-treasure-island
/development/parks-and-open-space	https://sf.gov/information/parks-and-open-space-treasure-island
/development/transportation	https://sf.gov/information/transportation-program-treasure-island
/development/ybi-hmp	https://sf.gov/information/yerba-buena-island-habitat-management-plan
/diego-riveras-pan-american-unity-mural	https://sf.gov/treasure-island-attractions
/directions	https://sf.gov/departments/city-administrator/treasure-island-development-authority/about
/file/1768	https://sf.gov/information/yerba-buena-island-habitat-management-plan
/film-photo-production	https://sf.gov/obtain-treasure-island-use-permits-special-events-and-film-production
/gifts-tida	https://sf.gov/resource/2021/tida-policies-and-public-notices
/history-treasure-and-yerba-buena-islands	https://sf.gov/departments/city-administrator/treasure-island-development-authority
/HMP	https://sf.gov/information/yerba-buena-island-habitat-management-plan
/home	https://sf.gov/departments/city-administrator/treasure-island-development-authority
/Island-wineries	https://sf.gov/information/eat-and-drink-treasure-island
/living-treasure-island	https://sf.gov/information/housing-treasure-and-yerba-buena-islands
/meeting-index	https://sf.gov/public-body/treasure-island-development-authority-board-directors
/miguel-covarrubias-pageant-pacific-murals	https://sf.gov/treasure-island-attractions
/news-release/sf-dph-clinic-offers-island-services-residents	https://sf.gov/information/health-services-and-resident-support-treasure-island
/node/1086	https://sf.gov/departments/city-administrator/treasure-island-development-authority
/node/1116	https://sf.gov/treasure-island-community-resources
/node/1126	https://sf.gov/request-records-treasure-island-development-authority
/node/1371	https://sf.gov/information/eat-and-drink-treasure-island
/node/262	https://sf.gov/departments/city-administrator/treasure-island-development-authority/about
/node/263	https://sf.gov/produce-special-event-film-or-photo-shoot-treasure-island
/node/264	https://sf.gov/lease-treasure-island-commercial-property
/node/265	https://sf.gov/departments/city-administrator/treasure-island-development-authority/about
/node/266	https://sf.gov/information/treasure-island-and-yerba-buena-islands-development-project
/node/273	https://sf.gov/departments/city-administrator/treasure-island-development-authority
/node/276	https://sf.gov/obtain-treasure-island-use-permits-special-events-and-film-production
/node/277	https://sf.gov/departments/city-administrator/treasure-island-development-authority/about
/node/278	https://sf.gov/obtain-treasure-island-use-permits-special-events-and-film-production
/node/279	https://sf.gov/lease-treasure-island-commercial-property
/node/280	https://sf.gov/information/housing-treasure-and-yerba-buena-islands
/node/281	https://sf.gov/public-body/treasure-islandyerba-buena-island-citizen-advisory-board
/node/2851	https://sf.gov/apply-clipper-cove-short-term-anchorage-permit
/node/2921	https://sf.gov/departments/city-administrator/treasure-island-development-authority/about
/node/315	https://sf.gov/resource/2021/tida-policies-and-public-notices
/node/350	https://sf.gov/information/treasure-island-and-yerba-buena-island-development-project-approved-plans-and-documents
/node/357	https://sf.gov/information/housing-and-urban-design-treasure-island
/node/3571	https://sf.gov/information/development-construction-regulations-treasure-island
/node/359	https://sf.gov/information/transportation-program-treasure-island
/node/360	https://sf.gov/information/parks-and-open-space-treasure-island
/node/370	https://sf.gov/departments/city-administrator/treasure-island-development-authority/about
/node/3721	https://sf.gov/get-contracting-opportunities-treasure-island-development-authority-tida
/node/3731	https://sf.gov/information/health-services-and-resident-support-treasure-island
/node/378	https://sf.gov/information/us-navy-cleanup-program-information
/node/3851	https://sf.gov/get-contracting-opportunities-treasure-island-community-development-ticd
/node/398	https://sf.gov/get-contracting-opportunities-treasure-island-community-development-ticd
/node/4321	https://sf.gov/report-noise-or-dust-construction-activities
/node/441	https://sf.gov/apply-clipper-cove-short-term-anchorage-permit
/node/4461	https://sf.gov/information/tiybi-small-business-enterprise-sbe-procedures
/node/4539	https://sf.gov/information/youth-and-family-resources-treasure-island
/node/4627	https://sf.gov/information/bicycle-and-pedestrian-access-treasure-island-and-yerba-buena-island
/node/4718	https://sf.gov/information/tiybi-small-business-enterprise-sbe-procedures
/node/4825	https://sf.gov/departments/city-administrator/treasure-island-development-authority
/node/5041	https://sf.gov/information/yerba-buena-island-stewardship-and-land-management
/node/5046	https://sf.gov/information/yerba-buena-island-stewardship-and-land-management
/node/5384	https://sf.gov/departments/city-administrator/treasure-island-development-authority
/node/5519	https://sf.gov/information/treasure-island-arts-master-plan
/node/5694	https://sf.gov/report-noise-or-dust-construction-activities
/node/5841	https://sf.gov/treasure-island-attractions
/node/5941	https://sf.gov/pay-your-clipper-cove-citation-fine
/node/6166	https://sf.gov/request-records-treasure-island-development-authority
/node/6566	https://sf.gov/information/community-recreation-and-activities-treasure-island
/node/6723	https://sf.gov/report-noise-or-dust-construction-activities
/node/6727	https://sf.gov/treasure-island-attractions
/node/6728	https://sf.gov/treasure-island-attractions
/node/6729	https://sf.gov/treasure-island-attractions
/node/6774	https://sf.gov/information/yerba-buena-island-habitat-management-plan
/node/6827	https://sf.gov/information/treasure-islandyerba-buena-island-development-project
/node/6831	https://sf.gov/information/parks-and-open-space-treasure-island
/node/6910	https://sf.gov/information/treasure-island-arts-master-plan
/node/896	https://sf.gov/public-body/treasure-island-development-authority-board-directors
/node/966	https://sf.gov/departments/city-administrator/treasure-island-development-authority
/Playground	https://sf.gov/information/youth-and-family-resources-treasure-island
/RecreationDestination	https://sf.gov/departments/city-administrator/treasure-island-development-authority
/reporting-emergencies-and-problems	https://sf.gov/departments/city-administrator/treasure-island-development-authority
/request-information-future-contracting-opportunities	https://sf.gov/departments/city-administrator/treasure-island-development-authority
/resident-resources	https://sf.gov/treasure-island-community-resources
/residentzerowaste	https://sf.gov/request-records-treasure-island-development-authority
/SBE	https://sf.gov/information/tiybi-small-business-enterprise-sbe-procedures
/SBEFAQ	https://sf.gov/information/tiybi-small-business-enterprise-sbe-procedures
/special-event-and-film-production-resources	https://sf.gov/obtain-treasure-island-use-permits-special-events-and-film-production
/specialevents	https://sf.gov/produce-special-event-film-or-photo-shoot-treasure-island
/submitting-records-request-tida	https://sf.gov/request-records-treasure-island-development-authority
/tida-board-directors-0	https://sf.gov/departments/city-administrator/treasure-island-development-authority/about
/tiybi-development-project-major-components	https://sf.gov/information/treasure-islandyerba-buena-island-development-project
/treasure-island-arts-master-plan	https://sf.gov/information/treasure-island-arts-master-plan
/treasure-island-businesses-attractions-and-recreation	https://sf.gov/information/eat-and-drink-treasure-island
/treasure-island-community-garden	https://sf.gov/information/community-recreation-and-activities-treasure-island
/treasure-island-events-and-leasing-opportunities	https://sf.gov/lease-treasure-island-commercial-property
/treasure-island-museum	https://sf.gov/treasure-island-attractions
/treasure-islands-murals	https://sf.gov/treasure-island-attractions
/us-navy-cleanup-program-information	https://sf.gov/information/us-navy-cleanup-program-information
/ybi	https://sf.gov/departments/city-administrator/treasure-island-development-authority
/ybistewardship	https://sf.gov/information/yerba-buena-island-stewardship-and-land-management
/ybistewardship/signup	https://sf.gov/information/yerba-buena-island-stewardship-and-land-management
